"cl0,""cl1"",""cl2"",""cl3"",""cl4"",""cl5"",""cl6"",""cl7"",""cl8"",""cl9"",""cl10"""
"USP1,""PLPP3"",""UBE4B"",""HMGCR"",""SH3RF32"",""UBE2H3"",""NDST4"",""SLC7A11"",""SLC44A5"",""GAPDH3"",""GALNT14"""
"PARP1,""ST6GALNAC5"",""PLPP31"",""NOS1"",""GALNT133"",""GAPDH2"",""NAAA"",""WARS1"",""HECW2"",""FTH14"",""GALNT12"""
"DNM3,""UBE2T1"",""TUT4"",""ACLY"",""DBI3"",""PIK3R11"",""ST8SIA4"",""GARS11"",""CYP27A1"",""DBI7"",""HPSE"""
"UBE2T,""RRM21"",""MAN1A2"",""ACSL1"",""NDUFA42"",""ACAT22"",""SLC6A15"",""SLC3A22"",""SLC9A92"",""EEF1A13"",""SLC6A11"""
"BARD1,""GAD1"",""PIP5K1A"",""GAL3ST1"",""AHCYL22"",""FTH1"",""GLCE"",""CARS1"",""ALDH1L1"",""NDUFA44"",""GALNT16"""
"DTYMK,""SLC15A2"",""MPC21"",""DGKG1"",""GSTP12"",""CBLB2"",""NEDD4L3"",""IARS11"",""SLCO2A1"",""ATP5F1E4"",""GALNT174"""
"KLHL23,""SCD5"",""COP1"",""SCARB1"",""ATP5MG1"",""SLC24A3"",""KAT6B2"",""PSAT11"",""HS3ST1"",""GSTP16"",""HS6ST3"""
"RRM2,""RNF180"",""SMYD31"",""SOD31"",""PDE8A"",""CALM11"",""SLC1A2"",""MTHFD22"",""MARCHF11"",""PPIA5"",""IMPA2"""
"ADCY3,""SLC1A31"",""ASH1L"",""ST6GAL1"",""ATP5F1D2"",""NDUFS62"",""ADCY8"",""MARS1"",""FKBP9"",""COX6C3"",""TRHDE"""
"FANCL,""FABP71"",""NDUFS2"",""SLC1A12"",""MT-CO2"",""PHPT12"",""PLCG23"",""ALDH1L2"",""HEPH"",""CALM12"",""MGMT"""
"RAD18,""SYNJ2"",""DDAH11"",""PDE7B1"",""MT-ATP62"",""TXN3"",""MAN2A11"",""YARS1"",""SLC18A1"",""COX8A4"",""MBOAT1"""
"GMPS,""PRKN"",""ATP5PB"",""MARCHF12"",""DNM33"",""UBE2T3"",""SLC4A10"",""BCAT1"",""CSGALNACT13"",""PRDX24"",""GLYATL25"""
"POLQ,""PON2"",""ATP1B1"",""PXDN"",""NDUFC21"",""CALM21"",""SLC24A31"",""SLC7A5"",""MGST1"",""SOD14"",""ELOVL7"""
"NSD2,""PPIA"",""HS2ST1"",""PDE10A2"",""ATP5F1E2"",""PKM"",""STARD132"",""SLC1A5"",""SLC7A8"",""ATP5MF2"",""NOS13"""
"NUP155,""AHCYL2"",""USP24"",""CYP7B1"",""NRF11"",""CHST114"",""ATP6V1G11"",""SLC7A1"",""ABCA81"",""UQCR105"",""SLC8A3"""
"OXCT1,""UBE2H1"",""ATP2B4"",""ENO3"",""HERC11"",""TYMS2"",""ZDHHC211"",""SARS1"",""ST8SIA5"",""UQCRB4"",""CYP7B12"""
"DHFR,""DGKI"",""USP34"",""ENPP6"",""EHMT11"",""GSTP13"",""ATP8A1"",""MTHFD1L3"",""SPTLC3"",""ATP5MC25"",""SOD32"""
"NEURL1B,""CHST7"",""SUCLG1"",""ST3GAL52"",""UQCR103"",""EEF1A11"",""FTH11"",""SHMT21"",""FMO3"",""GPX44"",""GUCY1A25"""
"REV3L,""SAT11"",""SH3RF3"",""GUCY1A22"",""PRKN2"",""AHCYL23"",""SLC9A91"",""FTH12"",""ISYNA1"",""ATP5MG5"",""ENPP1"""
"FUT9,""ESCO21"",""GALNT132"",""DGKB1"",""TBL1X1"",""FDPS2"",""MIB11"",""AARS1"",""ST6GAL11"",""LDHB3"",""ENO31"""
"ZDHHC14,""BBOX1"",""MGAT5"",""MT-ND61"",""NUP2141"",""KMT2C2"",""CKB3"",""SLC38A11"",""USP9X2"",""TPI14"",""ARSL"""
"NUP153,""ST8SIA1"",""CERS6"",""PDE4B1"",""USP9X1"",""KAT2B2"",""UBE2E22"",""PYCR1"",""EXTL3"",""ATP5F1D4"",""SLC20A1"""
"POLH,""CA12"",""PGAP1"",""RNF144A"",""ATP5PF1"",""PHGDH1"",""SACM1L"",""PHGDH3"",""PSAP5"",""UQCR114"",""GCH1"""
"MTHFD1L,""GATM"",""KLHL232"",""CHST112"",""EXT11"",""COX8A2"",""UBE2E3"",""TARS1"",""RORA3"",""NDUFC24"",""POLE7"""
"GGCT,""ACSBG1"",""UBR3"",""GALNT17"",""MT-CO3"",""GPX42"",""MSRA1"",""DBI6"",""ATP2B12"",""COX6B13"",""SLC1A4"""
"NUP205,""ABAT"",""ACSL31"",""CSGALNACT1"",""TPST11"",""REV3L3"",""UBE2T4"",""DMGDH"",""ACACB"",""PRDX51"",""SLC1A17"""
"NT5C3A,""ATP1B2"",""NCOA1"",""FHIT1"",""MT-CO11"",""NDUFA121"",""TNKS2"",""GOT1"",""SLC1A36"",""NDUFB114"",""RRM27"""
"EZH2,""TYMS1"",""MBOAT2"",""MMAB1"",""RNGTT"",""MKRN32"",""PCCA3"",""EPRS11"",""SLCO3A11"",""COX7C4"",""ASPA"""
"POLA1,""UBE2C1"",""DNMT3A"",""DNM32"",""UBR31"",""RRM24"",""NCOA12"",""NAMPT"",""ATP1B11"",""PHPT14"",""SLC16A71"""
"MID1,""APOE1"",""B3GALT1"",""ACAT21"",""COX6A11"",""PDIA6"",""GK5"",""PCK2"",""PLCH1"",""ATP6V1F2"",""HECW21"""
"NSD3,""PEPD"",""GAD11"",""MSMO1"",""MACROD21"",""UST3"",""TYMS3"",""NARS1"",""SLC39A8"",""ATP5PF4"",""GAL3ST11"""
"PDE7A,""RORA"",""HIBCH"",""PTRH2"",""GAPDH1"",""SETD52"",""DPYD"",""RNF187"",""SLC39A10"",""NDUFB25"",""TYMS7"""
"GGH,""PLTP"",""ST3GAL51"",""FDFT11"",""KMT2C1"",""TPI12"",""ABCA8"",""LARS1"",""SLC4A72"",""NDUFS52"",""SDC1"""
"ESCO2,""PDE4D"",""ODC11"",""ATP2B11"",""CERS61"",""COX7B3"",""B3GLCT"",""SLC38A2"",""MYLIP"",""NME14"",""ADCY31"""
"ASRGL1,""UBE2S"",""BIRC6"",""INPP4B"",""NKTR1"",""UBE2S3"",""RRM25"",""PYGB"",""PARP141"",""COX4I15"",""STS"""
"POLD3,""PJA21"",""PPP1CB"",""ACACA1"",""POLA12"",""UBE2C5"",""COLGALT2"",""UPP1"",""MACROD22"",""APRT3"",""SATL1"""
"GUCY1A2,""AQP4"",""ACYP21"",""LSS1"",""COX6C2"",""DCXR"",""ESCO24"",""TXNRD1"",""ATP8A11"",""UQCRH3"",""PLPP4"""
"FADS1,""PHKB"",""INPP4A"",""FADS21"",""PDSS21"",""TNRC6B2"",""PPM1L1"",""GPT2"",""SLC38A12"",""UQCRQ3"",""ZDHHC13"""
"RRM1,""HADHB"",""BABAM2"",""SH3RF31"",""HLCS"",""SOD12"",""PPIA3"",""HMOX1"",""FKBP10"",""HIGD2A5"",""GALNT181"""
"GLYATL2,""LIPA1"",""UBE2E2"",""FDPS1"",""WWOX2"",""SLC2A132"",""UBE2C6"",""NQO11"",""ALDH1A2"",""COX7A21"",""BARD15"""
"POLA2,""NME3"",""KAT2B1"",""HMGCS1"",""CREBBP1"",""ESCO23"",""POLQ5"",""SEPHS2"",""GALM"",""ATP5PO5"",""FUT93"""
"NUDT5,""ABCA1"",""CBLB"",""ACSL4"",""ATP5PO2"",""MTHFD21"",""PDE1C4"",""PSPH"",""SLC27A1"",""COX7B4"",""XYLB1"""
"SLC4A8,""GLUL"",""IP6K1"",""USP25"",""BABAM21"",""ATP5F1E3"",""PSAP3"",""ODC12"",""BCHE1"",""TXN5"",""RRM16"""
"NUP107,""MT-ND1"",""FHIT"",""TTC3"",""UBE3C1"",""PTGES32"",""PRKN4"",""PTRH21"",""MAN1B1"",""SLC25A55"",""NEURL1B1"""
"RFC5,""HERC4"",""PPM1L"",""PLCB4"",""BCKDHB1"",""MDH11"",""ZDHHC3"",""MAT2A"",""ST6GALNAC3"",""COPE1"",""MTHFD23"""
"KMT5A,""SLC4A41"",""PARP14"",""SQLE2"",""RORA2"",""DUT2"",""NADK21"",""FHIT4"",""LPIN11"",""ATP5F1B2"",""HHAT"""
"POLE,""EZH21"",""ATP1B3"",""UST1"",""TENT21"",""FABP73"",""UBE2H4"",""NEU1"",""EHMT12"",""COX6A12"",""HLCS2"""
"UBR7,""PAM"",""PIK3CB"",""FASN"",""NCOA21"",""GGCT3"",""DNM35"",""NPAS2"",""ST3GAL6"",""NDUFS63"",""NUP2101"""
"ACYP1,""PIK3C2A"",""ATP2C1"",""FADS13"",""NEDD4L2"",""PRDX23"",""DNMT13"",""EEF2"",""USP46"",""NDUFB103"",""MARCHF17"""
"GPHN,""TNRC6B"",""RNF13"",""PNPLA3"",""COX7B2"",""GAMT"",""RGL1"",""UBE2B"",""PARP9"",""ATP5PD4"",""HPRT12"""
"PARP2,""IDH1"",""NKTR"",""SIRT2"",""UST2"",""PPIA2"",""NDUFB23"",""TKT"",""ZDHHC212"",""DAD13"",""KLHL233"""
"MTHFD1,""RNF19A"",""POLR2H1"",""PDE4D2"",""COP11"",""PRDX61"",""TK13"",""PMM2"",""PRDX12"",""ATP6V1G14"",""POLH3"""
"POLE2,""PSAP1"",""SETD2"",""ELOVL51"",""SPCS2"",""NCOR22"",""CBR32"",""SCD54"",""PPIA4"",""ANAPC114"",""FANCL4"""
"CTDSPL2,""KAT2B"",""SETD5"",""LDLR1"",""MID12"",""DHFR2"",""SLC12A2"",""PGM2L1"",""ATP5ME2"",""NDUFB74"",""DHFR6"""
"DUT,""MPC1"",""SLC4A7"",""PRDX1"",""UQCRB2"",""RNF1302"",""EXT12"",""GNPDA1"",""ATP1A3"",""ATP5MK5"",""OXCT12"""
"IDH2,""DDAH1"",""CLOCK"",""HERC21"",""ATP5MC22"",""COX5A2"",""EZH24"",""PSAP4"",""KDSR"",""NDUFA16"",""SLCO3A12"""
"TICRR,""MT-ND3"",""SCD51"",""PON22"",""UBR51"",""TECR"",""SLC1A34"",""ESCO25"",""KAT6B3"",""COX5B3"",""UGT8"""
"RFWD3,""ELOVL2"",""SH3RF1"",""SLC4A42"",""COX7C2"",""SLC25A52"",""TNRC6B3"",""SLC4A45"",""ST3GAL1"",""ATP5ME3"",""PDE4A"""
"HIRIP3,""GUCY1A21"",""NSD22"",""DHCR7"",""GPHN2"",""PGP2"",""MYCBP2"",""ATP6V1G12"",""ODC13"",""EEF22"",""PCK21"""
"WWOX,""MARCHF1"",""GALNT7"",""IDI1"",""SMURF11"",""RRM12"",""REV3L4"",""SLCO3A1"",""PRDX62"",""PPIB1"",""USP51"""
"PGP,""NME1"",""PLPP1"",""SLC1A33"",""NSD23"",""IDH22"",""RRM13"",""SCD"",""USP20"",""POLR2J3"",""USP19"""
"NUP85,""ATP6V0E1"",""RNF1801"",""MVD"",""ST8SIA12"",""TK12"",""GGCT4"",""RRM26"",""PGM2L11"",""ATP5MC31"",""NT5M"""
"TK1,""RRM11"",""RNF130"",""DBI2"",""DDAH12"",""BIRC62"",""PDE4D4"",""HERC43"",""SLC4A46"",""NDUFA114"",""GPD22"""
"SHMT1,""POLQ1"",""GALNT10"",""DHCR24"",""TNKS1"",""NQO1"",""PGAP11"",""BARD14"",""PDP1"",""CALM22"",""CERS63"""
"TYMS,""TK11"",""SLC1A32"",""ELOVL6"",""DGKI2"",""PLCB42"",""POLD33"",""FADS15"",""ATP6V1G13"",""NDUFA23"",""ZNRF2"""
"UBE2C,""FUT8"",""AK6"",""MT-ND12"",""COX4I12"",""GGH2"",""HIBCH1"",""GLYATL23"",""QPRT"",""FABP76"",""SLC8A13"""
"UBA2,""SLC1A1"",""MAN2A1"",""POLQ2"",""BIRC61"",""POLQ4"",""TPP1"",""ATP6V1F"",""CTBP1"",""NDUFS82"",""ABHD51"""
"UHRF1,""MTHFD2"",""CERT1"",""XYLT1"",""MTHFD1L2"",""DGKG2"",""POLR2J1"",""DUT4"",""CPT1C"",""NDUFB43"",""B4GALNT1"""
"SAE1,""ACYP2"",""TENT2"",""GATM1"",""PLCG22"",""CBR31"",""PLCE1"",""ATP5MC23"",""UBE2Q1"",""SPCS12"",""SYNJ11"""
"DNMT1,""DNMT11"",""PDE4D1"",""MT-ATP61"",""EZH22"",""COX5B2"",""LAP32"",""UGP21"",""PIGG"",""CALM32"",""ATP1B13"""
"CBR3,""PARP11"",""PHYKPL"",""LPIN1"",""PLCB11"",""HMGCS11"",""XYLT11"",""UBE2C7"",""LRSAM11"",""CKB5"",""FAM20B"""
"CKB,""ODC1"",""PIK3R1"",""ASH1L1"",""TUT41"",""POLR2F"",""ASRGL12"",""SLC8A1"",""MARCHF62"",""NDUFA81"",""EZH28"""
"EEF1A1,""DHFR1"",""MARCHF6"",""UQCR112"",""FHIT2"",""ATP5PO3"",""GSTP14"",""RRM14"",""DNM1"",""GUK13"",""TTL"""
"GALNT13,""DGKG"",""POLK"",""CA122"",""MKRN31"",""PRKN3"",""ACAT23"",""PON23"",""CYBRD1"",""NDUFAB13"",""ASRGL14"""
"ATP5F1E,""CHST11"",""REV3L1"",""NCOR21"",""COX5B1"",""NDUFC22"",""ST6GALNAC55"",""DHFR4"",""ATP5MG4"",""NDUFB54"",""CBR34"""
"SLC1A3,""POLE1"",""DSE"",""MT-CO1"",""PLCB41"",""MARCHF14"",""USP17"",""UBE2T5"",""PXDN2"",""NDUFC12"",""USP371"""
"PLCG2,""DGKB"",""PDSS2"",""EGFR"",""UQCR113"",""SLC3A2"",""PRKD11"",""EGFR1"",""ACOX3"",""MDH23"",""PFKP"""
"UBE2H,""HPRT1"",""UST"",""COX7C1"",""MARCHF61"",""PXDN1"",""PSAT1"",""SLC1A35"",""UBA1"",""ATP5MJ2"",""DCK"""
"MT-CYB,""PHGDH"",""BCKDHB"",""ESCO22"",""SETD21"",""SLC25A4"",""DBI5"",""NSD24"",""MGAT4A"",""POLR2L2"",""DGKG4"""
"BCHE,""ACSL3"",""AGPAT4"",""RRM22"",""FUT91"",""POLD32"",""POLE5"",""UBE2E31"",""TUSC31"",""NDUFA63"",""ENO21"""
"DBI,""POLD31"",""ZDHHC141"",""SCD52"",""KAT6B1"",""ATP5MC11"",""SOD13"",""PLCG24"",""GALNT101"",""NME43"",""UBE2T7"""
"SLC4A4,""MT-ND6"",""UBR2"",""UBE2S2"",""HUWE11"",""UQCRC1"",""ATP5MG3"",""COLGALT21"",""NDUFB24"",""NDUFB61"",""PLCB45"""
"PJA2,""PDE10A"",""PRKN1"",""POLR2J"",""STARD131"",""DBI4"",""DUT3"",""TYMS4"",""UBE2E1"",""PPP1CA1"",""TTC31"""
"PSAP,""FDPS"",""SHPRH"",""PLCG21"",""NDUFB111"",""DTYMK3"",""PLCB12"",""SLC24A32"",""FHIT5"",""NDUFB34"",""NUP1601"""
"ATP5ME,""ST3GAL5"",""TPST1"",""COX4I11"",""NDUFB71"",""LDHA"",""UBE2S4"",""GATM3"",""UBE2K"",""GCSH3"",""DNM38"""
"UQCRB,""ASRGL11"",""PON21"",""ATP5F1D1"",""DAD11"",""HIBADH"",""IDI12"",""PAFAH1B32"",""SLC31A1"",""NDUFB84"",""PDE7B5"""
"MT-ATP6,""USP11"",""UBE3C"",""STUB1"",""ASH1L2"",""ATP5F1B1"",""SLC25A53"",""FABP75"",""MT-CO12"",""CYC12"",""PIGZ"""
"COMT,""GGCT1"",""COPG2"",""UQCR102"",""INPP4B1"",""DCTPP11"",""POLE22"",""APOE6"",""POLR3A"",""COX5A4"",""PHGDH6"""
"ATP5MC2,""GGH1"",""SLC25A13"",""COX6C1"",""HERC42"",""TENT22"",""PTGES33"",""POLA15"",""POLR2B"",""STUB11"",""LPIN21"""
"NADK2,""FADS11"",""RNF216"",""APRT"",""ATP5MK2"",""CBR4"",""DTYMK4"",""ATP5MC3"",""CBLB3"",""SLC25A33"",""CTPS1"""
"SLC9A9,""RFWD31"",""SMURF1"",""NDUFB21"",""NCOA11"",""HIRIP31"",""SLC3A21"",""EZH25"",""ACOT13"",""NDUFA132"",""C1GALT1"""
"MT-ATP8,""MTHFD1L1"",""AASS"",""DAD1"",""SCD53"",""DNMT12"",""POLE4"",NA,""PIK3R3"",""ENO12"",""ELOVL53"""
"FABP7,""ACAT2"",""KMT2C"",""ST6GALNAC52"",""NDUFA15"",""ANAPC111"",""SMS"",NA,""GCNT2"",""POLR2G1"",""PDZD4"""
"LIPA,""SLC38A1"",""POM121"",""GCSH1"",""B3GALT11"",""NDUFS81"",""SAT13"",NA,""MT-CO21"",""DCXR2"",""SLC39A81"""
"UQCR10,""PTGES3"",""AHCYL21"",""NDUFA111"",""PCCA1"",""ATP5PD2"",""PHGDH2"",NA,""CTSB"",""SLC25A61"",""NAPRT"""
"PDE1C,""LBR"",""NRF1"",""NDUFB32"",""SETD51"",""APOE5"",""GSTO11"",NA,""ALDH3A2"",""MIF3"",""ACAT26"""
"SAT1,""GALNT131"",""UBE2H2"",""ATP5MK1"",""REV3L2"",""SHMT2"",""MTHFD11"",NA,""GLE1"",""POLR2I1"",""ME31"""
"ATP6V1G1,""GLYATL21"",""DGKI1"",""APOE3"",""CHST113"",""MDH21"",""SPCS21"",NA,""ABHD5"",""NDUFA122"",""PDE1C7"""
"NDUFB3,""DNM31"",""CNOT4"",""UBE2C3"",""SLC4A71"",""POLD21"",""DGKB4"",NA,""UBE2E23"",""FKBP1A1"",""LPGAT12"""
"NDUFA3,""RAD181"",""TBL1X"",""HIGD2A2"",""SLC2A131"",""ABAT2"",""ETFB2"",NA,""MT-ND5"",""UBE2S5"",""INPP4B4"""
"NDUFB5,""BARD11"",""PIN4"",""NDUFB52"",""SAT12"",""BARD12"",""HIRIP32"",NA,""DPM3"",""PRDX63"",""ESCO26"""
"APOE,""POLA11"",""HUWE1"",""LAP3"",""RNF1301"",""CSGALNACT12"",""GPD2"",NA,""CKB4"",""TBCB"",""SLC7A12"""
"NDUFA1,""LDHB"",""USP9X"",NA,""POLQ3"",""NDUFA62"",""DHFR3"",NA,""MTMR12"",""POLR2K2"",""POLA17"""
"HIGD2A,""COX5A"",""MID11"",NA,""COX8A1"",""PGAM1"",""CHST115"",NA,""NME7"",""PRDX13"",""MTHFD1L6"""
"UQCR11,""UBA21"",""TNKS"",NA,""ACACA2"",""KMT5A2"",""SLC1A14"",NA,""PNKP"",""NDUFS73"",""ST6GALNAC31"""
"NA,""OXCT11"",""MSRA"",NA,""COX6B11"",""VPS292"",""PGP3"",NA,""NSD25"",""ETFB3"",""PDE10A5"""
"NA,""PDE7B"",""SLC20A2"",NA,""CBLB1"",""TUT42"",""GPX43"",NA,""ATP6V1B2"",""TKT1"",""HERC23"""
"NA,""POLE21"",""WWP1"",NA,""PDE4B2"",""SLC25A11"",""PDE8A1"",NA,""SLC25A26"",""PGLS1"",""UCK2"""
"NA,""POLD2"",""UBR5"",NA,""SMYD32"",""PCCA2"",""CHSY31"",NA,""PMPCA"",""TUFM"",""GALNT135"""
"NA,""KLHL231"",""NCOA2"",NA,""ST6GALNAC53"",""ETNK1"",""POLA14"",NA,""ASH1L3"",""HSD17B10"",""UAP1"""
"NA,""FANCL1"",""KAT6A"",NA,""NDUFS61"",""UQCRQ2"",""FUT82"",NA,""IP6K2"",""PKM1"",""ABTB21"""
"NA,""IARS1"",""EXT1"",NA,""CSGALNACT11"",""MT-ND62"",""CNP"",NA,""SETDB1"",""ATP5MC13"",""RNF138"""
"NA,""SAE11"",""TUSC3"",NA,""UQCRQ1"",""NME12"",""SAE12"",NA,""LDLR2"",""UQCRFS11"",""RFC51"""
"NA,""DCTPP1"",""SQLE1"",NA,""RRM23"",""CALM31"",""HPRT11"",NA,""GLB1"",""ECHS12"",""USP9Y2"""
"NA,""PRDX2"",""ASPH"",NA,""HIGD2A3"",""ENO11"",""FADS14"",NA,""TBL1X2"",""NDUFA52"",""B4GALT6"""
"NA,""NDUFS5"",""EHMT1"",NA,""ATP5PD1"",""IDI11"",""GATM2"",NA,""XYLB"",""NDUFA33"",""MGAT52"""
"NA,""POLH1"",""NDUFA8"",NA,""UBE2E21"",""GLYATL22"",""POLR2F1"",NA,""UBE4B1"",""ATP6V0B1"",""POLE25"""
"NA,""DTYMK1"",""UBE2R2"",NA,""APOE4"",""CYC11"",""TALDO11"",NA,""ATP5F1C1"",""NDUFB13"",""POLD34"""
"NA,""FADS2"",""ZDHHC21"",NA,""MARCHF13"",""MPC11"",""NME42"",NA,""COP12"",""PPA13"",""INPP1"""
"NA,""IDH21"",""LRSAM1"",NA,""GPX41"",""NDUFAB12"",""NUDT52"",NA,""FPGS"",""AKR1B11"",""SHMT11"""
"NA,""GSTP1"",""NUP214"",NA,""PDE1C2"",""PPP1CA"",""UBE2L3"",NA,""SLC39A6"",""PIN12"",""ACSL11"""
"NA,""NDUFA4"",""PDE3B"",NA,""NDUFA61"",""ECI2"",""ANAPC112"",NA,""FDFT12"",""DUT5"",""FADS17"""
"NA,""NT5C3A1"",""USP47"",NA,""NDUFA131"",""ST8SIA13"",""FANCL2"",NA,""PDIA61"",""UBE2L31"",""MAN1C1"""
"NA,""ELOVL5"",""FADS12"",NA,""NDUFAB11"",""ECI11"",""BARD13"",NA,""ST6GALNAC56"",""ATP5PB1"",""ZDHHC143"""
"NA,""MMAB"",""POLR2G"",NA,""PRDX22"",""NOS11"",""PARP12"",NA,""ATP5PF3"",""NDUFS33"",""ACAA2"""
"NA,""USP14"",""NDUFS3"",NA,""NDUFA112"",""NDUFS31"",""FDPS3"",NA,""SETD22"",""GGCT5"",""DPYD3"""
"NA,""DUT1"",""ACER3"",NA,""NDUFB101"",""NDUFB72"",""VPS293"",NA,""GNS"",""GSTO13"",""MACROD24"""
"NA,""KMT5A1"",""PIK3C2A1"",NA,""SOD11"",""GSTO1"",""NME13"",NA,""HECTD21"",""POLR2E"",""ATP11A"""
"NA,""LPGAT1"",""KMT2A"",NA,""NDUFB81"",""FHIT3"",""GMPS2"",NA,""CHSY32"",""NDUFB92"",""SLC36A41"""
"NA,""TALDO1"",""KAT6B"",NA,""NDUFB9"",""PIN11"",""FABP74"",NA,""SUCLG2"",""FKBP8"",""UBR71"""
"NA,""GART"",""PRDX3"",NA,""GALNT171"",""EPHX11"",""HMGCS12"",NA,""MBOAT21"",""PRDX34"",""FAR12"""
"NA,""SQLE"",""HERC41"",NA,""PRDX11"",""ATP5MK3"",""PDE4B4"",NA,""NGLY1"",""TXN21"",""PDE7A2"""
"NA,""MDH2"",""HECTD2"",NA,""PDE4D3"",""ATP2B41"",""IDH23"",NA,""SCD55"",""ATP5F1C2"",""AADAT"""
"NA,""NUP1071"",""ADK"",NA,""NDUFB53"",""PRDX32"",""ATP5MC12"",NA,""TPR"",""DDAH2"",""GMPS3"""
"NA,""PGP1"",""SGMS1"",NA,""NDUFB33"",""ATP5MG2"",NA,NA,""MSRA2"",""FKBP32"",""DAGLA"""
"NA,""TPI1"",""ECHS1"",NA,""NDUFA21"",""NME41"",NA,NA,""UBA3"",""SLC25A111"",""DNMT14"""
"NA,""MDM2"",""PSAP2"",NA,""APRT1"",""NDUFA43"",NA,NA,""GTF3C4"",""MOCS21"",""SLC29A1"""
"NA,""GARS1"",""ATE1"",NA,""NDUFC11"",""ATP1B31"",NA,NA,""PRKACB"",""UBE2M1"",""PXDN4"""
"NA,""NSD21"",""SLC2A13"",NA,""PHPT11"",""ETFB1"",NA,NA,""BLVRB"",""PAFAH1B34"",""ACACA4"""
"NA,""FDFT1"",""CHST111"",NA,""UBE2C4"",""USP12"",NA,NA,""P4HA1"",""SRM"",""POLR2D"""
"NA,""NUDT51"",""VPS291"",NA,""CHSY3"",""MIF2"",NA,NA,""NUP2142"",""MGST32"",""FN3KRP"""
"NA,""PDE4B"",""ST8SIA11"",NA,""DGKB2"",""NDUFB82"",NA,NA,""NME31"",""ATP5F1A"",""GGH4"""
"NA,""SLC25A5"",""CHFR"",NA,""NDUFB42"",""AKR1B1"",NA,NA,""PCYOX1"",""GRHPR"",""SLC16A10"""
"NA,""UQCRH"",""NCOR2"",NA,""GUK11"",""SLC4A44"",NA,NA,""NEDD4L4"",""NAA10"",""DUT6"""
"NA,""SLC25A3"",""PCCA"",NA,""POLR2L1"",""PDE4B3"",NA,NA,""PLCG1"",""ADI1"",""SIN3A"""
"NA,""ATP2B1"",""ESD"",NA,""CYC1"",""ATP5F1D3"",NA,NA,""PLCB43"",""MPC22"",""DOT1L"""
"NA,""VPS29"",""UGGT2"",NA,""NDUFS71"",""ATP5PF2"",NA,NA,""NKTR2"",""SEC11C1"",""CSGALNACT15"""
"NA,""POLR2H"",""STARD13"",NA,""PPA11"",""NDUFB22"",NA,NA,""AMD1"",""BCAP31"",""CTDSPL23"""
"NA,""ATP5PO"",""FUT81"",NA,""COMT1"",""UQCR104"",NA,NA,""UXS1"",""PGK11"",""PI4KA1"""
"NA,""TXN"",""CCNB1IP1"",NA,""NDUFS41"",""GMPS1"",NA,NA,""ATP2A2"",""SLC25A41"",""SCCPDH2"""
"NA,""RPL36A"",""GPHN1"",NA,""NDUFA32"",""ECHS11"",NA,NA,""POLE3"",""ATP6V0E11"",""DGKH1"""
"NA,""CTDSPL21"",""PRKD1"",NA,""EPHX1"",""NDUFA113"",NA,NA,""NAA50"",""ECI12"",""RFWD32"""
"NA,""PAFAH1B3"",""HECTD1"",NA,""MIF1"",""COX6B12"",NA,NA,""PREP"",""RPL36A3"",""SMYD35"""
"NA,""EPRS1"",""HERC1"",NA,""MGST31"",""DAD12"",NA,NA,""STT3B"",""UQCRC11"",""HADH"""
"NA,""SMYD3"",""CA121"",NA,""SDHD"",""NDUFB102"",NA,NA,""SLC5A3"",""ESD2"",""RAD183"""
"NA,""CKB1"",""USP3"",NA,""SLC4A43"",""SLC1A13"",NA,NA,""LPIN2"",""UBE2I"",""NUP851"""
"NA,""NEDD4L"",""RORA1"",NA,""PRDX31"",""NDUFB112"",NA,NA,""NADK22"",""ECH1"",""PRDX14"""
"NA,""MPC2"",""UBR1"",NA,""PPIC"",""NDUFV1"",NA,NA,""ATP6V1A"",""TALDO13"",""GBE11"""
"NA,""PPA1"",""MKRN3"",NA,""LAP31"",""GCSH2"",NA,NA,""NDUFA51"",""GAMT2"",""MDM21"""
"NA,""COX7B"",""PPIB"",NA,NA,""ST6GALNAC54"",NA,NA,""ENO2"",""MDH12"",""B3GAT2"""
"NA,""NDUFB4"",""HERC2"",NA,NA,""ST3GAL53"",NA,NA,""CHST9"",""HSD17B121"",""SAE14"""
"NA,NA,""CREBBP"",NA,NA,""UQCRH2"",NA,NA,""NUP188"",""AASDHPPT"",""DHCR242"""
"NA,NA,""ABAT1"",NA,NA,""PDE1C3"",NA,NA,""MT-ND32"",""ECI22"",""EEF1A14"""
"NA,NA,""WWOX1"",NA,NA,""COX4I13"",NA,NA,""MT-ND13"",""GLO1"",""EEF1A22"""
"NA,NA,""RBBP6"",NA,NA,""EZH23"",NA,NA,""TNKS3"",""PDIA4"",""RNF144A2"""
"NA,NA,""PHKB1"",NA,NA,""DGKB3"",NA,NA,""RPN21"",""SDHD2"",""SEH1L"""
"NA,NA,""ACACA"",NA,NA,""INPP4B2"",NA,NA,""HIBCH2"",""IDH3G"",""SLC4A81"""
"NA,NA,""USP32"",NA,NA,""UGP2"",NA,NA,""ASPH1"",""SAT2"",""CHPT1"""
"NA,NA,""ATP1B21"",NA,NA,""PDE7B2"",NA,NA,""PLCB13"",""PTGES35"",""USP13"""
"NA,NA,""SMURF2"",NA,NA,""NDUFS72"",NA,NA,""ELOVL61"",""PPP1CC"",""SLC41A1"""
"NA,NA,""NPEPPS"",NA,NA,""POLA13"",NA,NA,""HK1"",""SPCS22"",""STARD9"""
"NA,NA,""NCOR1"",NA,NA,""SMYD33"",NA,NA,""MT-ATP81"",""AKR7A2"",""SRR"""
"NA,NA,""NEDD4L1"",NA,NA,""FKBP31"",NA,NA,""TPI13"",""VKORC1"",""COX7C5"""
"NA,NA,""MIB1"",NA,NA,""DNM34"",NA,NA,""SH3RF33"",""MPST"",""NEDD41"""
"NA,NA,""NCOA6"",NA,NA,NA,NA,NA,""EEF1A12"",""PARP15"",""SLC38A13"""
"NA,NA,""PLCB1"",NA,NA,NA,NA,NA,""HERC44"",""SUCLG12"",""ZC3HAV1"""
"NA,NA,""MACROD2"",NA,NA,NA,NA,NA,""RALBP1"",""AK62"",""TRMT111"""
"NA,NA,""RPN2"",NA,NA,NA,NA,NA,""SPCS11"",""POLR3GL"",""DNM1L1"""
"NA,NA,""NDUFA13"",NA,NA,NA,NA,NA,""NIT2"",""NDUFA9"",""PDE4B7"""
"NA,NA,""UQCRFS1"",NA,NA,NA,NA,NA,""ASAH1"",""TECR1"",""PKM2"""
"NA,NA,""LDLR"",NA,NA,NA,NA,NA,""TUT43"",""SEC11A"",""DGKB6"""
"NA,NA,""PIN1"",NA,NA,NA,NA,NA,""CDS2"",""PON25"",""USP253"""
"NA,NA,""PAFAH1B31"",NA,NA,NA,NA,NA,""CERT11"",""ARCN11"",""DEGS1"""
"NA,NA,""POLR2I"",NA,NA,NA,NA,NA,""UQCRB3"",""LAP33"",""STARD4"""
"NA,NA,""ETFB"",NA,NA,NA,NA,NA,""MT-CYB1"",""PEPD1"",""SLC25A1"""
"NA,NA,""UBE2M"",NA,NA,NA,NA,NA,""TNRC6B4"",""PDIA62"",""AHCTF1"""
"NA,NA,""TNRC6B1"",NA,NA,NA,NA,NA,""TXN4"",""ADH5"",""GMDS1"""
"NA,NA,""TXN2"",NA,NA,NA,NA,NA,""PIP5K1A1"",""GLOD4"",""WWOX5"""
"NA,NA,""LSS"",NA,NA,NA,NA,NA,""DNM36"",""DTYMK6"",""NUP981"""
"NA,NA,""PGK1"",NA,NA,NA,NA,NA,""MT-ND4"",""PGAM11"",""RNGTT2"""
"NA,NA,""POLR2K"",NA,NA,NA,NA,NA,""USP33"",""IDH24"",""HAT1"""
"NA,NA,""ECI1"",NA,NA,NA,NA,NA,""HS2ST11"",""GLUL1"",""NCOA23"""
"NA,NA,""ACAT1"",NA,NA,NA,NA,NA,""RGL11"",""IDI14"",""RAD1"""
"NA,NA,""NDUFV3"",NA,NA,NA,NA,NA,""IP6K11"",""CYB5R3"",""NUP1073"""
"NA,NA,""NDUFS4"",NA,NA,NA,NA,NA,""PJA22"",""SCP2"",""COX4I16"""
"NA,NA,""NDUFS7"",NA,NA,NA,NA,NA,""LSS2"",""ASAH11"",""AGPS"""
"NA,NA,""MT-ND11"",NA,NA,NA,NA,NA,""COPG1"",""POLR2H2"",""NPAS21"""
"NA,NA,""MT-ND31"",NA,NA,NA,NA,NA,""MT-ATP63"",""G6PC3"",""NNT"""
"NA,NA,""NME4"",NA,NA,NA,NA,NA,""CLOCK1"",""ALDH2"",""SLC41A2"""
"NA,NA,""PDE10A1"",NA,NA,NA,NA,NA,""USP341"",""COMT2"",""PON26"""
"NA,NA,""GGCT2"",NA,NA,NA,NA,NA,""FKBP4"",""MPC13"",""GFPT1"""
"NA,NA,""NDUFA41"",NA,NA,NA,NA,NA,""HYAL2"",""RPN22"",""MAN2A13"""
"NA,NA,""GSTM3"",NA,NA,NA,NA,NA,""EEF1A2"",""POLE41"",""FADS22"""
"NA,NA,""ATP5F1E1"",NA,NA,NA,NA,NA,""CHST116"",""PCBD1"",""UBE2H5"""
"NA,NA,""MDH1"",NA,NA,NA,NA,NA,""COX4I14"",""FKBP41"",""NUP1881"""
"NA,NA,""FKBP1A"",NA,NA,NA,NA,NA,""PANK2"",""POLR3K"",""COX6C4"""
"NA,NA,""NDUFB10"",NA,NA,NA,NA,NA,""SAE13"",""DPM31"",""NUDT53"""
"NA,NA,""GCSH"",NA,NA,NA,NA,NA,""ME2"",""GNPDA11"",""MTMR1"""
"NA,NA,""NDUFB51"",NA,NA,NA,NA,NA,""PGAP12"",""ATP6V1E1"",""HGSNAT"""
"NA,NA,""DTYMK2"",NA,NA,NA,NA,NA,""GALNT1"",""DCTPP12"",""PRKACA"""
"NA,NA,""FH"",NA,NA,NA,NA,NA,""PCCA4"",""SCD1"",""KMT5A3"""
"NA,NA,""CALM3"",NA,NA,NA,NA,NA,""GANAB"",""ATP6V0D1"",""UHRF21"""
"NA,NA,""NDUFB8"",NA,NA,NA,NA,NA,""ATP5MJ1"",""NUDT3"",""ELOVL4"""
"NA,NA,""SPCS1"",NA,NA,NA,NA,NA,""ATP5MC24"",""RNF1871"",""RNPEP"""
"NA,NA,""ABCA11"",NA,NA,NA,NA,NA,""PDSS22"",""RNF5"",""ST3GAL62"""
"NA,NA,""NDUFA31"",NA,NA,NA,NA,NA,""BIRC63"",""TM7SF2"",""KMT2A2"""
"NA,NA,""DBI1"",NA,NA,NA,NA,NA,""WWOX3"",""ACAA1"",""ASH1L5"""
"NA,NA,""NDUFA5"",NA,NA,NA,NA,NA,""ALDH7A1"",""NAE1"",""SLC25A29"""
"NA,NA,""PRDX6"",NA,NA,NA,NA,NA,""ATP5PO4"",""ATP6AP1"",""PARP16"""
"NA,NA,""FKBP3"",NA,NA,NA,NA,NA,""MT-ND2"",""POLD22"",""NUP43"""
"NA,NA,""ATP5F1C"",NA,NA,NA,NA,NA,""ATP6V0B"",""PJA23"",""SLC1A37"""
"NA,NA,""NDUFB6"",NA,NA,NA,NA,NA,""ADK1"",""MRPL58"",""XYLT14"""
"NA,NA,""NDUFS8"",NA,NA,NA,NA,NA,""HMGCS13"",""POLE31"",""TUSC32"""
"NA,NA,""RPL36A1"",NA,NA,NA,NA,NA,""AGPAT41"",""RALBP11"",""SLC23A21"""
"NA,NA,""PDE1C1"",NA,NA,NA,NA,NA,""PRKN5"",""PDHB"",""RANBP2"""
"NA,NA,""NDUFB31"",NA,NA,NA,NA,NA,""MT-ND4L"",""SARS11"",""SCARB13"""
"NA,NA,""MGST3"",NA,NA,NA,NA,NA,""MARCHF15"",""SDHC"",""PIGX"""
"NA,NA,""ENO1"",NA,NA,NA,NA,NA,""PDE3B1"",""NDUFS42"",""SFXN1"""
"NA,NA,""HIGD2A1"",NA,NA,NA,NA,NA,""PHPT13"",""ZDHHC4"",""UQCR115"""
"NA,NA,""COPE"",NA,NA,NA,NA,NA,""COX8A3"",""ODC14"",""GART1"""
"NA,NA,""NDUFB1"",NA,NA,NA,NA,NA,""ATP5PD3"",""QDPR"",""FABP77"""
"NA,NA,""MIF"",NA,NA,NA,NA,NA,""COX7C3"",""RNF167"",""APRT4"""
"NA,NA,""PPIA1"",NA,NA,NA,NA,NA,""USP16"",""ALDH9A1"",""SLC12A6"""
"NA,NA,""ST6GALNAC51"",NA,NA,NA,NA,NA,""SLC25A54"",""COPB1"",""HACE1"""
"NA,NA,""NDUFA2"",NA,NA,NA,NA,NA,""DPYD1"",""GSTM32"",""PNPLA32"""
"NA,NA,""APOE2"",NA,NA,NA,NA,NA,""TALDO12"",""SHMT22"",""IARS13"""
"NA,NA,""NDUFA11"",NA,NA,NA,NA,NA,""GSTZ1"",""GDE1"",""SLC38A21"""
"NA,NA,""NDUFA12"",NA,NA,NA,NA,NA,""XYLT12"",""SMS1"",""PDE8A3"""
"NA,NA,""NDUFA6"",NA,NA,NA,NA,NA,""ATP6V1F1"",""NT5C3B"",""GPHN5"""
"NA,NA,""COX5A1"",NA,NA,NA,NA,NA,""DCXR1"",""ATP1B23"",""NUP58"""
"NA,NA,""POLR2L"",NA,NA,NA,NA,NA,""PGLS"",""SCCPDH1"",""PARP17"""
"NA,NA,""SLC1A11"",NA,NA,NA,NA,NA,""NDUFB91"",""SLC39A3"",""STT3B1"""
"NA,NA,""NDUFAB1"",NA,NA,NA,NA,NA,""NDUFB73"",""HADHB1"",""COP14"""
"NA,NA,""NDUFC1"",NA,NA,NA,NA,NA,""HIGD2A4"",""ACOT131"",""PLCB15"""
"NA,NA,""ATP5MC1"",NA,NA,NA,NA,NA,""SLC24A33"",""GGH3"",""SH3RF35"""
"NA,NA,""GUK1"",NA,NA,NA,NA,NA,""NDUFS32"",""BLVRA1"",""LPCAT1"""
"NA,NA,""ATP5MG"",NA,NA,NA,NA,NA,""SLC8A11"",""NARS11"",""ADK3"""
"NA,NA,""ATP5F1B"",NA,NA,NA,NA,NA,""SLC44A1"",""PHYH"",""NUP1531"""
"NA,NA,""ATP5F1D"",NA,NA,NA,NA,NA,""LDHB2"",""DPM2"",""FDPS4"""
"NA,NA,""ATP5PD"",NA,NA,NA,NA,NA,""ATP5MF1"",""P4HB"",""P4HB1"""
"NA,NA,""GAPDH"",NA,NA,NA,NA,NA,""GAD12"",""PDXK"",""ATP5MF3"""
"NA,NA,""NME11"",NA,NA,NA,NA,NA,""PRDX33"",""PPIC1"",""PGP4"""
"NA,NA,""NDUFB7"",NA,NA,NA,NA,NA,""GPHN3"",""DDOST"",""USP141"""
"NA,NA,""SLC25A51"",NA,NA,NA,NA,NA,""PTS"",""MKRN1"",""PDE4D7"""
"NA,NA,""COX6C"",NA,NA,NA,NA,NA,""GAMT1"",""SH3GLB1"",""ATP5F1E5"""
"NA,NA,""SLC25A31"",NA,NA,NA,NA,NA,""USP9Y"",""ACADVL"",""ABHD12"""
"NA,NA,""UBE2T2"",NA,NA,NA,NA,NA,""GSTO12"",""GSTZ11"",""PDE3B3"""
"NA,NA,""NDUFB11"",NA,NA,NA,NA,NA,""ARCN1"",""HADHA"",""PLCE13"""
"NA,NA,""ATP5MJ"",NA,NA,NA,NA,NA,""SLC25A32"",""NQO12"",""GANAB1"""
"NA,NA,""NDUFC2"",NA,NA,NA,NA,NA,""SQLE3"",""UQCRC2"",""ADI11"""
"NA,NA,""UQCR111"",NA,NA,NA,NA,NA,""SDHD1"",""ENOPH1"",""FUT83"""
"NA,NA,""SOD3"",NA,NA,NA,NA,NA,""NAA20"",""ALDH6A1"",""PNKP1"""
"NA,NA,""UBE2S1"",NA,NA,NA,NA,NA,""PTGES34"",""HDLBP"",""GALNT15"""
"NA,NA,""ANAPC11"",NA,NA,NA,NA,NA,""APRT2"",""PMVK"",""ZDHHC201"""
"NA,NA,""ATP5MK"",NA,NA,NA,NA,NA,""ATP2B2"",""NDUFS21"",""UGGT11"""
"NA,NA,""TPI11"",NA,NA,NA,NA,NA,""PDE1C5"",""CCNB1IP11"",""RPN1"""
"NA,NA,""NDUFB41"",NA,NA,NA,NA,NA,""EGFR2"",""NANS"",""MGAT4A1"""
"NA,NA,""FABP72"",NA,NA,NA,NA,NA,""UGP22"",""PDHA1"",""MMAB2"""
"NA,NA,""ATP5ME1"",NA,NA,NA,NA,NA,""PDE4B5"",""SLC39A7"",""HSD17B7"""
"NA,NA,""COX7C"",NA,NA,NA,NA,NA,""TYMS5"",""HAGH"",""SLC24A35"""
"NA,NA,""UQCR101"",NA,NA,NA,NA,NA,""POLR2J2"",""DLD"",""MPC23"""
"NA,NA,""NDUFA14"",NA,NA,NA,NA,NA,""PDE10A3"",""BPNT2"",""GRK3"""
"NA,NA,""GSTP11"",NA,NA,NA,NA,NA,""FTH13"",""DHFR5"",""UQCRB5"""
"NA,NA,""UBE2C2"",NA,NA,NA,NA,NA,""GSTP15"",""PPP1CB1"",""SLC25A211"""
"NA,NA,""COX6B1"",NA,NA,NA,NA,NA,""PLAAT3"",""RFK"",""HACD3"""
"NA,NA,""PRDX5"",NA,NA,NA,NA,NA,""IDI13"",""PIGP"",""SELENOI"""
"NA,NA,""PHKG1"",NA,NA,NA,NA,NA,""ATP5MK4"",""BPGM"",""NANS1"""
"NA,NA,""TXN1"",NA,NA,NA,NA,NA,""AASS1"",""YKT6"",""PLPP12"""
"NA,NA,""UQCRQ"",NA,NA,NA,NA,NA,""NDUFB83"",""LDHA2"",""VAPB"""
"NA,NA,""NDUFS51"",NA,NA,NA,NA,NA,""DPYSL2"",""TAF9"",""ATP2A21"""
"NA,NA,""COX7A2"",NA,NA,NA,NA,NA,""EEF21"",""PTPMT1"",""ATP5ME4"""
"NA,NA,""CALM2"",NA,NA,NA,NA,NA,""MDH22"",""CTSD"",""CMPK1"""
"NA,NA,""COX5B"",NA,NA,NA,NA,NA,""NDUFC23"",""UBE2Q11"",""OGDH1"""
"NA,NA,""PTGES31"",NA,NA,NA,NA,NA,""UBE3C2"",""SEPHS11"",""NDUFA45"""
"NA,NA,""NDUFS6"",NA,NA,NA,NA,NA,""GSTM31"",""PDIA3"",""NPC11"""
"NA,NA,""ATP5PF"",NA,NA,NA,NA,NA,""NDUFB113"",""DGUOK"",""MT-ND64"""
"NA,NA,""COX7B1"",NA,NA,NA,NA,NA,""CBL"",""PSAP6"",""CARS11"""
"NA,NA,""COX6A1"",NA,NA,NA,NA,NA,""MT-CO31"",""STARD7"",""ZDHHC151"""
"NA,NA,""COX4I1"",NA,NA,NA,NA,NA,""SLC2A133"",""MGAT4B"",""EEF23"""
"NA,NA,""GPX4"",NA,NA,NA,NA,NA,""CBR33"",""GALK1"",""CSAD"""
"NA,NA,""LDHB1"",NA,NA,NA,NA,NA,""GALNT172"",""VPS294"",""ACLY1"""
"NA,NA,""ATP5MC21"",NA,NA,NA,NA,NA,""LDHA1"",""HIRIP33"",""DLAT"""
"NA,NA,""UQCRH1"",NA,NA,NA,NA,NA,""NDUFA22"",""GGPS1"",""LCLAT1"""
"NA,NA,""ATP5PO1"",NA,NA,NA,NA,NA,""POLE23"",""DARS1"",""MIB12"""
"NA,NA,""CKB2"",NA,NA,NA,NA,NA,""PDE7B3"",""ATP1B32"",""ATP5F1D5"""
"NA,NA,""UQCRB1"",NA,NA,NA,NA,NA,""GUCY1A23"",""PAPOLA1"",""HACD2"""
"NA,NA,""SOD1"",NA,NA,NA,NA,NA,""RPL36A2"",""USP18"",""MARCHF31"""
"NA,NA,""COX8A"",NA,NA,NA,NA,NA,""MPC12"",""UBE2C9"",""GATM6"""
"NA,NA,""NDUFB2"",NA,NA,NA,NA,NA,""NDUFB12"",""MARCHF16"",""CLOCK3"""
"NA,NA,""PRDX21"",NA,NA,NA,NA,NA,""USP251"",""HK11"",""NSD27"""
"NA,NA,""CALM1"",NA,NA,NA,NA,NA,""PIK3C2A2"",""EPHX13"",""NDUFB75"""
"NA,NA,""PHPT1"",NA,NA,NA,NA,NA,""PDE4D5"",""GATM5"",""BCKDHB3"""
"NA,NA,""ATP5MF"",NA,NA,NA,NA,NA,""DTYMK5"",""PHGDH5"",""UBE2N"""
"NA,NA,NA,NA,NA,NA,NA,NA,""SLC1A15"",""ACAT11"",""SLC11A21"""
"NA,NA,NA,NA,NA,NA,NA,NA,""UBE2C8"",""UBE2T6"",""ADCY91"""
"NA,NA,NA,NA,NA,NA,NA,NA,""DECR1"",""EEF1A21"",""RNF217"""
"NA,NA,NA,NA,NA,NA,NA,NA,""ABAT3"",""EPRS12"",""ATP6V0E12"""
"NA,NA,NA,NA,NA,NA,NA,NA,""PHGDH4"",""SQLE4"",""ATP6V1G15"""
"NA,NA,NA,NA,NA,NA,NA,NA,""MTMR2"",""DHCR241"",""ASPH2"""
"NA,NA,NA,NA,NA,NA,NA,NA,""ESD1"",""ACAT25"",""HS2ST12"""
"NA,NA,NA,NA,NA,NA,NA,NA,""NT5C"",""NOS12"",""ATP5MC14"""
"NA,NA,NA,NA,NA,NA,NA,NA,""GUK12"",""BLVRB1"",""COX6B14"""
"NA,NA,NA,NA,NA,NA,NA,NA,""PTEN"",""MT-ND41"",""YARS11"""
"NA,NA,NA,NA,NA,NA,NA,NA,""PLCE11"",""TYMS6"",""DBI8"""
"NA,NA,NA,NA,NA,NA,NA,NA,""ANAPC113"",""FADS16"",""USP48"""
"NA,NA,NA,NA,NA,NA,NA,NA,""PARP13"",""HIF1A"",""PIK3R31"""
"NA,NA,NA,NA,NA,NA,NA,NA,""HSD17B12"",""PLCB14"",""NDUFB104"""
"NA,NA,NA,NA,NA,NA,NA,NA,""UBE4A"",""GCNT1"",""DAD14"""
"NA,NA,NA,NA,NA,NA,NA,NA,""COX5A3"",""PLCG25"",""NDUFS53"""
"NA,NA,NA,NA,NA,NA,NA,NA,""SLC25A131"",""DPYSL21"",""POLE42"""
"NA,NA,NA,NA,NA,NA,NA,NA,""KMT2A1"",""MT-ND33"",""GAPDH4"""
"NA,NA,NA,NA,NA,NA,NA,NA,""ECI21"",""MT-CO13"",""NSD31"""
"NA,NA,NA,NA,NA,NA,NA,NA,""BLVRA"",""DGKB5"",""ACSS2"""
"NA,NA,NA,NA,NA,NA,NA,NA,""TRIP12"",""PDE4B6"",""IDH11"""
"NA,NA,NA,NA,NA,NA,NA,NA,""NSD1"",""GPHN4"",""RNF1803"""
"NA,NA,NA,NA,NA,NA,NA,NA,""SEC11C"",""ASH1L4"",""PANK21"""
"NA,NA,NA,NA,NA,NA,NA,NA,""PAPOLA"",""APOE7"",""SHMT23"""
"NA,NA,NA,NA,NA,NA,NA,NA,""PON24"",""PDE5A"",""LPIN12"""
"NA,NA,NA,NA,NA,NA,NA,NA,""ASRGL13"",""REV3L5"",""POLR2J4"""
"NA,NA,NA,NA,NA,NA,NA,NA,""ACAT24"",""DNM37"",""RNF19A1"""
"NA,NA,NA,NA,NA,NA,NA,NA,""ATP1B22"",""SMYD34"",""BDH2"""
"NA,NA,NA,NA,NA,NA,NA,NA,""SCARB11"",""SLC4A47"",""CHFR2"""
"NA,NA,NA,NA,NA,NA,NA,NA,""SLC25A6"",""INPP4B3"",""ATP5MK6"""
"NA,NA,NA,NA,NA,NA,NA,NA,""CBS"",""SLC1A16"",""ACER32"""
"NA,NA,NA,NA,NA,NA,NA,NA,""EZH26"",""NUP210L"",""EXT2"""
"NA,NA,NA,NA,NA,NA,NA,NA,""SCCPDH"",""MACROD23"",""MT-ATP64"""
"NA,NA,NA,NA,NA,NA,NA,NA,""PSAT12"",""PDE7B4"",""PPIB2"""
"NA,NA,NA,NA,NA,NA,NA,NA,""EPHX12"",""POLR1A"",""FASN1"""
"NA,NA,NA,NA,NA,NA,NA,NA,""SAT14"",""KMT2C3"",""TECR2"""
"NA,NA,NA,NA,NA,NA,NA,NA,""LARS11"",""GLS"",""RNF115"""
"NA,NA,NA,NA,NA,NA,NA,NA,""RNF1802"",""ACACA3"",""PPIG"""
"NA,NA,NA,NA,NA,NA,NA,NA,""FAR1"",""UST5"",""COLGALT22"""
"NA,NA,NA,NA,NA,NA,NA,NA,""PPA12"",""SLC2A134"",""GCSH4"""
"NA,NA,NA,NA,NA,NA,NA,NA,""POLR2K1"",""DGKG3"",""COX8A5"""
"NA,NA,NA,NA,NA,NA,NA,NA,""STARD133"",""ST3GAL2"",""LDLR3"""
"NA,NA,NA,NA,NA,NA,NA,NA,""AK61"",""UGGT1"",""DECR11"""
"NA,NA,NA,NA,NA,NA,NA,NA,""PIK3R12"",""NCOA3"",""PLCG26"""
"NA,NA,NA,NA,NA,NA,NA,NA,""SEPHS1"",""SLC4A73"",""MTR1"""
"NA,NA,NA,NA,NA,NA,NA,NA,""ATP6V1D"",""P4HA3"",""BCHE2"""
"NA,NA,NA,NA,NA,NA,NA,NA,""POLR2F2"",""PDHX"",""POLR2A"""
"NA,NA,NA,NA,NA,NA,NA,NA,""NTPCR"",""NUP88"",""PLPP32"""
"NA,NA,NA,NA,NA,NA,NA,NA,""ST3GAL54"",""CSGALNACT2"",""UBE3A1"""
"NA,NA,NA,NA,NA,NA,NA,NA,""PAFAH1B33"",""WWP11"",""COPE2"""
"NA,NA,NA,NA,NA,NA,NA,NA,""RRM15"",""SLC24A34"",""ALDH7A11"""
"NA,NA,NA,NA,NA,NA,NA,NA,""UST4"",""NCOA61"",""SAT21"""
"NA,NA,NA,NA,NA,NA,NA,NA,""SUCLG11"",""MAN2A12"",""UBE2C10"""
"NA,NA,NA,NA,NA,NA,NA,NA,""MTHFD1L4"",""GUSB"",""ACOT132"""
"NA,NA,NA,NA,NA,NA,NA,NA,""LIPA2"",""CHFR1"",""PCYOX11"""
"NA,NA,NA,NA,NA,NA,NA,NA,""MOCS2"",""ST8SIA14"",""ATP5MJ3"""
"NA,NA,NA,NA,NA,NA,NA,NA,""GATM4"",""NUP2143"",""LSS4"""
"NA,NA,NA,NA,NA,NA,NA,NA,NA,""NCOA22"",""MT-ND4L1"""
"NA,NA,NA,NA,NA,NA,NA,NA,NA,""HLCS1"",""CBLB4"""
"NA,NA,NA,NA,NA,NA,NA,NA,NA,""PDSS23"",""HADHB2"""
"NA,NA,NA,NA,NA,NA,NA,NA,NA,""CYP7B11"",""REV3L6"""
"NA,NA,NA,NA,NA,NA,NA,NA,NA,""PDE1C6"",""NDUFS74"""
"NA,NA,NA,NA,NA,NA,NA,NA,NA,""DLST"",""ETFA"""
"NA,NA,NA,NA,NA,NA,NA,NA,NA,""TRDMT1"",""PRKACB2"""
"NA,NA,NA,NA,NA,NA,NA,NA,NA,""ZDHHC20"",""NME15"""
"NA,NA,NA,NA,NA,NA,NA,NA,NA,""ZDHHC15"",""PLIN3"""
"NA,NA,NA,NA,NA,NA,NA,NA,NA,""ELOVL52"",""PRKD13"""
"NA,NA,NA,NA,NA,NA,NA,NA,NA,""GALK2"",""ATP6V1F3"""
"NA,NA,NA,NA,NA,NA,NA,NA,NA,""MTR"",""HECTD23"""
"NA,NA,NA,NA,NA,NA,NA,NA,NA,""SLC25A16"",""HIGD2A6"""
"NA,NA,NA,NA,NA,NA,NA,NA,NA,""MKRN33"",""NDUFA17"""
"NA,NA,NA,NA,NA,NA,NA,NA,NA,""SLC17A5"",""UQCR106"""
"NA,NA,NA,NA,NA,NA,NA,NA,NA,""PDE4D6"",""PPA14"""
"NA,NA,NA,NA,NA,NA,NA,NA,NA,""GPCPD1"",""SCD56"""
"NA,NA,NA,NA,NA,NA,NA,NA,NA,""DGKH"",""NKTR4"""
"NA,NA,NA,NA,NA,NA,NA,NA,NA,""FHIT6"",""CA123"""
"NA,NA,NA,NA,NA,NA,NA,NA,NA,""OGDH"",""AASS3"""
"NA,NA,NA,NA,NA,NA,NA,NA,NA,""SLC25A37"",""PDE9A"""
"NA,NA,NA,NA,NA,NA,NA,NA,NA,""SETDB11"",""COX5B4"""
"NA,NA,NA,NA,NA,NA,NA,NA,NA,""RAD9A"",""BBOX11"""
"NA,NA,NA,NA,NA,NA,NA,NA,NA,""PLCG11"",""PGLS2"""
"NA,NA,NA,NA,NA,NA,NA,NA,NA,""SLC27A11"",""DHCR71"""
"NA,NA,NA,NA,NA,NA,NA,NA,NA,""USP241"",""TUFM1"""
"NA,NA,NA,NA,NA,NA,NA,NA,NA,""NT5C2"",""NDUFAB14"""
"NA,NA,NA,NA,NA,NA,NA,NA,NA,""ATE11"",""CDC34"""
"NA,NA,NA,NA,NA,NA,NA,NA,NA,""NME71"",""HSD17B122"""
"NA,NA,NA,NA,NA,NA,NA,NA,NA,""FAXDC2"",""ADH51"""
"NA,NA,NA,NA,NA,NA,NA,NA,NA,""RNMT"",""UQCRH4"""
"NA,NA,NA,NA,NA,NA,NA,NA,NA,""AGPAT42"",""UBR33"""
"NA,NA,NA,NA,NA,NA,NA,NA,NA,""NEDD4"",""PHYH1"""
"NA,NA,NA,NA,NA,NA,NA,NA,NA,""WWP2"",""PEPD2"""
"NA,NA,NA,NA,NA,NA,NA,NA,NA,""GALNT2"",""ATP5MC26"""
"NA,NA,NA,NA,NA,NA,NA,NA,NA,""LPGAT11"",""DGKI3"""
"NA,NA,NA,NA,NA,NA,NA,NA,NA,""ADCY9"",""HSD17B101"""
"NA,NA,NA,NA,NA,NA,NA,NA,NA,""MSRA3"",""SC5D"""
"NA,NA,NA,NA,NA,NA,NA,NA,NA,""LSS3"",""UQCRC21"""
"NA,NA,NA,NA,NA,NA,NA,NA,NA,""MGST11"",""NDUFA133"""
"NA,NA,NA,NA,NA,NA,NA,NA,NA,""PLCE12"",""GLUL2"""
"NA,NA,NA,NA,NA,NA,NA,NA,NA,""SLC30A6"",""SLC4A48"""
"NA,NA,NA,NA,NA,NA,NA,NA,NA,""MGAT51"",""BLVRB2"""
"NA,NA,NA,NA,NA,NA,NA,NA,NA,""RGL12"",""LIPA3"""
"NA,NA,NA,NA,NA,NA,NA,NA,NA,""WWOX4"",""HMGCR1"""
"NA,NA,NA,NA,NA,NA,NA,NA,NA,""POLH2"",""NDUFA115"""
"NA,NA,NA,NA,NA,NA,NA,NA,NA,""CHKA"",""NQO2"""
"NA,NA,NA,NA,NA,NA,NA,NA,NA,""PRKACB1"",""ELOVL21"""
"NA,NA,NA,NA,NA,NA,NA,NA,NA,""CHST117"",""BPGM1"""
"NA,NA,NA,NA,NA,NA,NA,NA,NA,""GALNT173"",""NDUFS43"""
"NA,NA,NA,NA,NA,NA,NA,NA,NA,""LPCAT3"",""RORA5"""
"NA,NA,NA,NA,NA,NA,NA,NA,NA,""SLC9A8"",""FKBP81"""
"NA,NA,NA,NA,NA,NA,NA,NA,NA,""SMURF12"",""GSTO14"""
"NA,NA,NA,NA,NA,NA,NA,NA,NA,""PIGL"",""IDI15"""
"NA,NA,NA,NA,NA,NA,NA,NA,NA,""SLC16A3"",""POLR2K3"""
"NA,NA,NA,NA,NA,NA,NA,NA,NA,""BIRC64"",""GNPDA12"""
"NA,NA,NA,NA,NA,NA,NA,NA,NA,""BCKDHB2"",""NDUFB44"""
"NA,NA,NA,NA,NA,NA,NA,NA,NA,""USP342"",""NDUFB85"""
"NA,NA,NA,NA,NA,NA,NA,NA,NA,""ZDHHC142"",""MT-ND14"""
"NA,NA,NA,NA,NA,NA,NA,NA,NA,""GMDS"",""NDUFC25"""
"NA,NA,NA,NA,NA,NA,NA,NA,NA,""GALNT11"",""STUB12"""
"NA,NA,NA,NA,NA,NA,NA,NA,NA,""HECTD22"",""NME32"""
"NA,NA,NA,NA,NA,NA,NA,NA,NA,""PHYKPL1"",""GPX45"""
"NA,NA,NA,NA,NA,NA,NA,NA,NA,""USP321"",""UQCRQ4"""
"NA,NA,NA,NA,NA,NA,NA,NA,NA,""PNPLA31"",""NDUFA34"""
"NA,NA,NA,NA,NA,NA,NA,NA,NA,""SLC11A2"",""UBE2E25"""
"NA,NA,NA,NA,NA,NA,NA,NA,NA,""MTREX"",""NDUFA53"""
"NA,NA,NA,NA,NA,NA,NA,NA,NA,""KAT2B3"",""DZIP3"""
"NA,NA,NA,NA,NA,NA,NA,NA,NA,""TRIT1"",""FKBP1A2"""
"NA,NA,NA,NA,NA,NA,NA,NA,NA,""NPC1"",""PRKN7"""
"NA,NA,NA,NA,NA,NA,NA,NA,NA,""ST3GAL61"",""TKT2"""
"NA,NA,NA,NA,NA,NA,NA,NA,NA,""MT-ND63"",""GSTP17"""
"NA,NA,NA,NA,NA,NA,NA,NA,NA,""MARCHF3"",""CHST71"""
"NA,NA,NA,NA,NA,NA,NA,NA,NA,""GGT7"",""PCCA6"""
"NA,NA,NA,NA,NA,NA,NA,NA,NA,""UHRF2"",""ATP5MG6"""
"NA,NA,NA,NA,NA,NA,NA,NA,NA,""STARD134"",""AHCYL25"""
"NA,NA,NA,NA,NA,NA,NA,NA,NA,""AASS2"",""P4HA11"""
"NA,NA,NA,NA,NA,NA,NA,NA,NA,""PIGC"",""NADK23"""
"NA,NA,NA,NA,NA,NA,NA,NA,NA,""NEDD4L5"",""UBE2E11"""
"NA,NA,NA,NA,NA,NA,NA,NA,NA,""TNRC6B5"",""CYC13"""
"NA,NA,NA,NA,NA,NA,NA,NA,NA,""COP13"",""NDUFB55"""
"NA,NA,NA,NA,NA,NA,NA,NA,NA,""DPYD2"",""NDUFB26"""
"NA,NA,NA,NA,NA,NA,NA,NA,NA,""SYCE2"",""MDH24"""
"NA,NA,NA,NA,NA,NA,NA,NA,NA,""KAT6B4"",""COMT3"""
"NA,NA,NA,NA,NA,NA,NA,NA,NA,""SGMS11"",""UBA11"""
"NA,NA,NA,NA,NA,NA,NA,NA,NA,""NUP98"",""ATP5F1B3"""
"NA,NA,NA,NA,NA,NA,NA,NA,NA,""ACER31"",""HK12"""
"NA,NA,NA,NA,NA,NA,NA,NA,NA,""NCOA13"",""NDUFB35"""
"NA,NA,NA,NA,NA,NA,NA,NA,NA,""USP45"",""NDUFC13"""
"NA,NA,NA,NA,NA,NA,NA,NA,NA,""ATP8B1"",""GSTK1"""
"NA,NA,NA,NA,NA,NA,NA,NA,NA,""RAD182"",""PTGES2"""
"NA,NA,NA,NA,NA,NA,NA,NA,NA,""UBR21"",""HMGCS14"""
"NA,NA,NA,NA,NA,NA,NA,NA,NA,""SYNJ1"",""ALDH21"""
"NA,NA,NA,NA,NA,NA,NA,NA,NA,""UGGT21"",""MT-CO14"""
"NA,NA,NA,NA,NA,NA,NA,NA,NA,""UBE2E24"",""PJA24"""
"NA,NA,NA,NA,NA,NA,NA,NA,NA,""PFKFB3"",""MT-ATP82"""
"NA,NA,NA,NA,NA,NA,NA,NA,NA,""IARS12"",""ABAT4"""
"NA,NA,NA,NA,NA,NA,NA,NA,NA,""IP6K12"",""TXN6"""
"NA,NA,NA,NA,NA,NA,NA,NA,NA,""FKBP101"",""LAP34"""
"NA,NA,NA,NA,NA,NA,NA,NA,NA,""GPD21"",""IDH3B"""
"NA,NA,NA,NA,NA,NA,NA,NA,NA,""SLC8A12"",""POLR2E1"""
"NA,NA,NA,NA,NA,NA,NA,NA,NA,""B3GALNT2"",""UBE2L32"""
"NA,NA,NA,NA,NA,NA,NA,NA,NA,""GALNT134"",""PPIC2"""
"NA,NA,NA,NA,NA,NA,NA,NA,NA,""USP37"",""PRDX64"""
"NA,NA,NA,NA,NA,NA,NA,NA,NA,""HERC22"",""NDUFA24"""
"NA,NA,NA,NA,NA,NA,NA,NA,NA,""OGT"",""ECHS13"""
"NA,NA,NA,NA,NA,NA,NA,NA,NA,""SETD53"",""ALDH6A11"""
"NA,NA,NA,NA,NA,NA,NA,NA,NA,""CSGALNACT14"",""CCNB1IP12"""
"NA,NA,NA,NA,NA,NA,NA,NA,NA,""TENT23"",""ATP1B24"""
"NA,NA,NA,NA,NA,NA,NA,NA,NA,""RORA4"",""ATP5F1C3"""
"NA,NA,NA,NA,NA,NA,NA,NA,NA,""FAM227B"",""SCP21"""
"NA,NA,NA,NA,NA,NA,NA,NA,NA,""SLC25A12"",""ASAH12"""
"NA,NA,NA,NA,NA,NA,NA,NA,NA,""PXDN3"",""BCAP311"""
"NA,NA,NA,NA,NA,NA,NA,NA,NA,""CLOCK2"",""NDUFA82"""
"NA,NA,NA,NA,NA,NA,NA,NA,NA,""CHSY33"",""USP10"""
"NA,NA,NA,NA,NA,NA,NA,NA,NA,""HERC45"",""PFKM"""
"NA,NA,NA,NA,NA,NA,NA,NA,NA,""FUT92"",""ATP5PB2"""
"NA,NA,NA,NA,NA,NA,NA,NA,NA,""POLE6"",""CALM33"""
"NA,NA,NA,NA,NA,NA,NA,NA,NA,""CKMT2"",""GRHPR1"""
"NA,NA,NA,NA,NA,NA,NA,NA,NA,""ATP1B12"",""PPP1CB2"""
"NA,NA,NA,NA,NA,NA,NA,NA,NA,""NUP210"",""SLC39A101"""
"NA,NA,NA,NA,NA,NA,NA,NA,NA,""SHPRH1"",""NDUFB93"""
"NA,NA,NA,NA,NA,NA,NA,NA,NA,""PRKD12"",""SPCS13"""
"NA,NA,NA,NA,NA,NA,NA,NA,NA,""SLC16A4"",""APOE8"""
"NA,NA,NA,NA,NA,NA,NA,NA,NA,""USP252"",""NDUFA10"""
"NA,NA,NA,NA,NA,NA,NA,NA,NA,""RNF144A1"",""MPST1"""
"NA,NA,NA,NA,NA,NA,NA,NA,NA,""DNM1L"",""PHKB2"""
"NA,NA,NA,NA,NA,NA,NA,NA,NA,""TMLHE"",""MID13"""
"NA,NA,NA,NA,NA,NA,NA,NA,NA,""SLC23A2"",""SLC25A34"""
"NA,NA,NA,NA,NA,NA,NA,NA,NA,""FAR11"",""SEC11A1"""
"NA,NA,NA,NA,NA,NA,NA,NA,NA,""PI4KA"",""MTMR21"""
"NA,NA,NA,NA,NA,NA,NA,NA,NA,""KAT6A1"",""GAD13"""
"NA,NA,NA,NA,NA,NA,NA,NA,NA,""EXT13"",""SLC9A93"""
"NA,NA,NA,NA,NA,NA,NA,NA,NA,""TUT44"",""POLR2F3"""
"NA,NA,NA,NA,NA,NA,NA,NA,NA,""PTRH22"",""ODC15"""
"NA,NA,NA,NA,NA,NA,NA,NA,NA,""RNF1303"",NA"
"NA,NA,NA,NA,NA,NA,NA,NA,NA,""PDE7A1"",NA"
"NA,NA,NA,NA,NA,NA,NA,NA,NA,""SLC36A4"",NA"
"NA,NA,NA,NA,NA,NA,NA,NA,NA,""ALDH1L21"",NA"
"NA,NA,NA,NA,NA,NA,NA,NA,NA,""NPEPPS1"",NA"
"NA,NA,NA,NA,NA,NA,NA,NA,NA,""GALM1"",NA"
"NA,NA,NA,NA,NA,NA,NA,NA,NA,""CERS5"",NA"
"NA,NA,NA,NA,NA,NA,NA,NA,NA,""GLYATL24"",NA"
"NA,NA,NA,NA,NA,NA,NA,NA,NA,""SCARB12"",NA"
"NA,NA,NA,NA,NA,NA,NA,NA,NA,""TRMT11"",NA"
"NA,NA,NA,NA,NA,NA,NA,NA,NA,""GALNT18"",NA"
"NA,NA,NA,NA,NA,NA,NA,NA,NA,""SLC25A21"",NA"
"NA,NA,NA,NA,NA,NA,NA,NA,NA,""CBR41"",NA"
"NA,NA,NA,NA,NA,NA,NA,NA,NA,""RNF2161"",NA"
"NA,NA,NA,NA,NA,NA,NA,NA,NA,""PDE8A2"",NA"
"NA,NA,NA,NA,NA,NA,NA,NA,NA,""RNGTT1"",NA"
"NA,NA,NA,NA,NA,NA,NA,NA,NA,""PLCB44"",NA"
"NA,NA,NA,NA,NA,NA,NA,NA,NA,""UBE3C3"",NA"
"NA,NA,NA,NA,NA,NA,NA,NA,NA,""POLA16"",NA"
"NA,NA,NA,NA,NA,NA,NA,NA,NA,""HERC12"",NA"
"NA,NA,NA,NA,NA,NA,NA,NA,NA,""TPST12"",NA"
"NA,NA,NA,NA,NA,NA,NA,NA,NA,""FN3K"",NA"
"NA,NA,NA,NA,NA,NA,NA,NA,NA,""NRF12"",NA"
"NA,NA,NA,NA,NA,NA,NA,NA,NA,""ADK2"",NA"
"NA,NA,NA,NA,NA,NA,NA,NA,NA,""POLR1C"",NA"
"NA,NA,NA,NA,NA,NA,NA,NA,NA,""POLE24"",NA"
"NA,NA,NA,NA,NA,NA,NA,NA,NA,""ATP8A12"",NA"
"NA,NA,NA,NA,NA,NA,NA,NA,NA,""UBE3A"",NA"
"NA,NA,NA,NA,NA,NA,NA,NA,NA,""SH3RF34"",NA"
"NA,NA,NA,NA,NA,NA,NA,NA,NA,""ABTB2"",NA"
"NA,NA,NA,NA,NA,NA,NA,NA,NA,""GLRX"",NA"
"NA,NA,NA,NA,NA,NA,NA,NA,NA,""PDE3B2"",NA"
"NA,NA,NA,NA,NA,NA,NA,NA,NA,""UBR52"",NA"
"NA,NA,NA,NA,NA,NA,NA,NA,NA,""BABAM22"",NA"
"NA,NA,NA,NA,NA,NA,NA,NA,NA,""USP9Y1"",NA"
"NA,NA,NA,NA,NA,NA,NA,NA,NA,""HECTD11"",NA"
"NA,NA,NA,NA,NA,NA,NA,NA,NA,""CTDSPL22"",NA"
"NA,NA,NA,NA,NA,NA,NA,NA,NA,""PIP5K1A2"",NA"
"NA,NA,NA,NA,NA,NA,NA,NA,NA,""PRKN6"",NA"
"NA,NA,NA,NA,NA,NA,NA,NA,NA,""MYCBP21"",NA"
"NA,NA,NA,NA,NA,NA,NA,NA,NA,""SLC4A101"",NA"
"NA,NA,NA,NA,NA,NA,NA,NA,NA,""SLC16A7"",NA"
"NA,NA,NA,NA,NA,NA,NA,NA,NA,""NUP1072"",NA"
"NA,NA,NA,NA,NA,NA,NA,NA,NA,""EZH27"",NA"
"NA,NA,NA,NA,NA,NA,NA,NA,NA,""FAR2"",NA"
"NA,NA,NA,NA,NA,NA,NA,NA,NA,""AHCYL24"",NA"
"NA,NA,NA,NA,NA,NA,NA,NA,NA,""HIBADH1"",NA"
"NA,NA,NA,NA,NA,NA,NA,NA,NA,""PDE10A4"",NA"
"NA,NA,NA,NA,NA,NA,NA,NA,NA,""GBE1"",NA"
"NA,NA,NA,NA,NA,NA,NA,NA,NA,""TNKS4"",NA"
"NA,NA,NA,NA,NA,NA,NA,NA,NA,""USP15"",NA"
"NA,NA,NA,NA,NA,NA,NA,NA,NA,""NMT1"",NA"
"NA,NA,NA,NA,NA,NA,NA,NA,NA,""TBL1XR1"",NA"
"NA,NA,NA,NA,NA,NA,NA,NA,NA,""UBR11"",NA"
"NA,NA,NA,NA,NA,NA,NA,NA,NA,""CERS62"",NA"
"NA,NA,NA,NA,NA,NA,NA,NA,NA,""UBR32"",NA"
"NA,NA,NA,NA,NA,NA,NA,NA,NA,""NUP160"",NA"
"NA,NA,NA,NA,NA,NA,NA,NA,NA,""XYLT13"",NA"
"NA,NA,NA,NA,NA,NA,NA,NA,NA,""NSD11"",NA"
"NA,NA,NA,NA,NA,NA,NA,NA,NA,""PHKG11"",NA"
"NA,NA,NA,NA,NA,NA,NA,NA,NA,""NSD26"",NA"
"NA,NA,NA,NA,NA,NA,NA,NA,NA,""ADCY2"",NA"
"NA,NA,NA,NA,NA,NA,NA,NA,NA,""GUCY1A24"",NA"
"NA,NA,NA,NA,NA,NA,NA,NA,NA,""BTD"",NA"
"NA,NA,NA,NA,NA,NA,NA,NA,NA,""MTHFD1L5"",NA"
"NA,NA,NA,NA,NA,NA,NA,NA,NA,""PCCA5"",NA"
"NA,NA,NA,NA,NA,NA,NA,NA,NA,""USP471"",NA"
"NA,NA,NA,NA,NA,NA,NA,NA,NA,""NKTR3"",NA"
"NA,NA,NA,NA,NA,NA,NA,NA,NA,""FMO5"",NA"
"NA,NA,NA,NA,NA,NA,NA,NA,NA,""DUOX1"",NA"
"NA,NA,NA,NA,NA,NA,NA,NA,NA,""ME3"",NA"
"NA,NA,NA,NA,NA,NA,NA,NA,NA,""ENPP61"",NA"
"NA,NA,NA,NA,NA,NA,NA,NA,NA,""POLQ6"",NA"
"NA,NA,NA,NA,NA,NA,NA,NA,NA,""TNS2"",NA"
"NA,NA,NA,NA,NA,NA,NA,NA,NA,""SLC25A132"",NA"
"NA,NA,NA,NA,NA,NA,NA,NA,NA,""FANCL3"",NA"
"NA,NA,NA,NA,NA,NA,NA,NA,NA,""PLPP11"",NA"
"NA,NA,NA,NA,NA,NA,NA,NA,NA,""SETD23"",NA"
"NA,NA,NA,NA,NA,NA,NA,NA,NA,""ARID4B"",NA"
